City,Lat,Lng,Max Temp,Humidity,Cloudiness,Wind Speed,Country,Date
Puerto Baquerizo Moreno,-0.9,-89.6,78.8,78,75,4.61,EC,1621115464
Saint Paul Harbor,57.79,-152.4072,46.4,76,90,9.22,US,1621115465
Rubiataba,-15.1644,-49.8033,71.55,49,100,2.84,BR,1621115465
Port Elizabeth,-33.918,25.5701,59.0,94,100,1.99,ZA,1621115465
Hohhot,40.8106,111.6522,41.0,93,0,4.47,CN,1621115166
Upernavik,72.7868,-56.1549,33.89,76,100,4.7,GL,1621115466
Moranbah,-22.0016,148.0466,56.17,47,0,13.06,AU,1621115466
Yumen,40.2833,97.2,54.0,31,79,7.31,CN,1621115467
Busselton,-33.65,115.3333,61.0,71,98,5.01,AU,1621115467
São Filipe,14.8961,-24.4956,73.6,72,35,10.71,CV,1621115467
Santa Marinella,42.0345,11.8536,54.0,77,100,4.0,IT,1621115468
Westport,41.1415,-73.3579,73.4,28,1,13.8,US,1621115284
Punta Arenas,-53.15,-70.9167,46.4,93,90,9.22,CL,1621115468
Torbay,47.6666,-52.7314,44.01,87,75,5.75,CA,1621115469
Kapaa,22.0752,-159.319,78.8,65,20,18.41,US,1621115190
São João da Barra,-21.6403,-41.0511,73.4,83,0,4.61,BR,1621115469
Palu,-0.8917,119.8707,76.19,96,99,2.53,ID,1621115470
Bluff,-46.6,168.3333,41.0,94,51,3.0,NZ,1621115470
Bethel,41.3712,-73.414,73.4,21,90,6.91,US,1621115470
Chadiza,-14.0678,32.4392,58.69,67,0,2.17,ZM,1621115471
Meulaboh,4.1363,96.1285,77.32,89,99,4.34,ID,1621115471
Wagar,16.1525,36.2032,91.69,10,42,6.06,SD,1621115471
Pochutla,15.7432,-96.4661,91.4,55,40,11.5,MX,1621115472
Atuona,-9.8,-139.0333,79.03,71,9,17.09,PF,1621115320
Port Blair,11.6667,92.75,84.09,75,92,2.86,IN,1621115472
Saint-Philippe,-21.3585,55.7679,75.2,69,20,11.5,RE,1621115473
Norman Wells,65.282,-126.8329,44.6,61,75,19.57,CA,1621115473
Hermanus,-34.4187,19.2345,54.0,96,100,8.34,ZA,1621115473
Albany,42.6001,-73.9662,73.4,23,1,9.22,US,1621115474
Tiksi,71.6872,128.8694,33.28,97,98,7.54,RU,1621115474
Qaanaaq,77.484,-69.3632,33.42,77,92,6.76,GL,1621115475
Ushuaia,-54.8,-68.3,44.6,65,20,5.75,AR,1621115475
Dingle,10.9995,122.6711,77.74,89,97,7.2,PH,1621115476
Andenes,69.3143,16.1194,42.8,81,90,23.02,NO,1621115476
Mataura,-46.1927,168.8643,41.0,94,84,3.0,NZ,1621115476
Sarakhs,36.5449,61.1577,66.2,32,0,2.3,IR,1621115477
Bredasdorp,-34.5322,20.0403,57.2,88,100,5.75,ZA,1621115477
East London,-33.0153,27.9116,65.39,79,94,5.77,ZA,1621115477
Oistins,13.0667,-59.5333,82.4,61,40,21.85,BB,1621115478
Beringovskiy,63.05,179.3167,32.14,96,100,8.7,RU,1621115479
Badhni Kalān,30.6833,75.2833,84.94,35,62,7.34,IN,1621115479
Yellowknife,62.456,-114.3525,35.01,86,90,8.05,CA,1621115479
Kavieng,-2.5744,150.7967,84.61,76,45,16.37,PG,1621115480
Dzaoudzi,-12.7887,45.2699,78.8,83,0,0.58,YT,1621115480
Nikolskoye,59.7035,30.7861,57.0,88,40,4.47,RU,1621115480
Vardø,70.3705,31.1107,34.79,79,100,17.63,NO,1621115481
Butaritari,3.0707,172.7902,82.49,80,69,17.25,KI,1621115481
Yulara,-25.2406,130.9889,50.0,71,25,8.05,AU,1621115482
Pitimbu,-7.4706,-34.8086,77.0,88,20,6.91,BR,1621115482
Hilo,19.7297,-155.09,91.4,40,20,9.22,US,1621115482
Avarua,-21.2078,-159.775,80.6,74,40,12.66,CK,1621115483
Ţahţā,26.7693,31.5021,87.8,9,0,13.8,EG,1621115483
Hobart,-42.8794,147.3294,50.0,66,75,9.22,AU,1621115314
Cape Town,-33.9258,18.4232,57.99,88,20,12.66,ZA,1621115341
Lockport,41.5895,-88.0578,59.0,72,90,5.75,US,1621115484
Thompson,55.7435,-97.8558,41.0,65,75,4.61,CA,1621115484
Bandi̇̄pur,27.9333,84.4167,65.03,51,69,3.65,NP,1621115485
Tasiilaq,65.6145,-37.6368,30.2,74,12,3.44,GL,1621115485
Barrow,71.2906,-156.7887,26.6,80,90,10.36,US,1621115485
Karratha,-20.7377,116.8463,69.17,37,0,13.51,AU,1621115486
Manado,1.487,124.8455,75.2,94,20,1.14,ID,1621115486
Sitka,57.0531,-135.33,46.4,87,90,12.66,US,1621115487
Kismayo,-0.3582,42.5454,79.36,82,14,14.52,SO,1621115487
Nioro,13.35,-15.75,80.46,49,100,11.74,GM,1621115487
San Policarpo,12.1791,125.5072,81.77,83,97,10.04,PH,1621115488
Klaksvík,62.2266,-6.589,42.8,87,75,14.97,FO,1621115488
Carutapera,-1.195,-46.02,73.72,97,100,4.12,BR,1621115488
New Norfolk,-42.7826,147.0587,50.0,86,100,1.01,AU,1621115489
Lebu,-37.6167,-73.65,53.91,82,0,10.63,CL,1621115489
Oussouye,12.485,-16.5469,75.2,88,0,4.61,SN,1621115490
Hopelchén,19.7667,-89.85,87.8,62,75,13.8,MX,1621115490
Lata,40.1629,-8.3327,61.0,91,100,1.99,PT,1621115491
Āsmār,35.0333,71.3581,64.27,71,30,5.12,AF,1621115491
Téra,14.0078,0.7531,93.79,27,76,10.04,NE,1621115491
Airai,-8.9266,125.4092,56.03,84,78,3.74,TL,1621115492
Vaini,-21.2,-175.2,78.8,89,40,9.22,TO,1621115492
Rikitea,-23.1203,-134.9692,74.97,59,85,14.99,PF,1621115279
Esna,25.2934,32.554,86.0,17,0,4.61,EG,1621115493
Najrān,17.4924,44.1277,87.8,25,75,11.5,SA,1621115493
Beni,0.5,29.4667,61.63,98,60,2.39,CD,1621115493
Vestmannaeyjar,63.4427,-20.2734,41.27,61,45,5.99,IS,1621115494
Amapá,1.0,-52.0,72.5,98,100,2.73,BR,1621115494
Provideniya,64.3833,-173.3,44.42,52,29,1.72,RU,1621115495
Bengkulu,-3.8004,102.2655,75.9,90,74,4.27,ID,1621115495
Sucúa,-2.4667,-78.1667,69.8,94,90,4.61,EC,1621115495
Mahébourg,-20.4081,57.7,71.6,83,75,14.97,MU,1621115496
Castro,-24.7911,-50.0119,54.95,79,0,2.71,BR,1621115496
Bodden Town,19.2833,-81.25,87.8,74,20,12.66,KY,1621115496
Nanortalik,60.1432,-45.2371,37.24,78,25,4.45,GL,1621115497
Kieta,-6.2167,155.6333,83.28,77,96,4.41,PG,1621115497
Christchurch,-43.5333,172.6333,48.99,93,39,3.44,NZ,1621115493
Cacequi,-29.8836,-54.825,58.89,72,11,7.43,BR,1621115498
Vao,-22.6667,167.4833,76.24,82,58,10.54,NC,1621115498
Saldanha,-33.0117,17.9442,57.2,88,51,10.36,ZA,1621115498
Port Alfred,-33.5906,26.891,63.91,83,92,9.46,ZA,1621115499
Naze,28.3667,129.4833,75.2,100,75,14.97,JP,1621115499
Tygda,53.1167,126.3333,45.07,73,50,8.16,RU,1621115500
Cap Malheureux,-19.9842,57.6142,75.99,65,20,8.99,MU,1621115500
Palmer,42.1584,-72.3287,78.8,13,40,13.8,US,1621115220
Harper,4.375,-7.7169,80.2,81,100,6.35,LR,1621115501
Pasni,25.2631,63.471,83.44,70,6,10.04,PK,1621115501
Mar del Plata,-38.0023,-57.5575,64.0,63,0,4.61,AR,1621115501
Gorahun,7.4661,-11.2375,75.74,96,100,0.92,SL,1621115502
Praia,14.9215,-23.5087,71.6,83,75,21.85,CV,1621115502
Shache,38.4167,77.2406,56.89,37,2,7.14,CN,1621115503
São José da Coroa Grande,-8.8978,-35.1478,76.82,76,41,9.26,BR,1621115503
Bud,39.447,-86.1758,68.0,30,90,10.36,US,1621115503
Bambous Virieux,-20.3428,57.7575,75.99,83,75,14.97,MU,1621115504
Patancheru,17.5314,78.265,78.8,83,75,9.22,IN,1621115504
Puro,12.4841,123.3827,81.54,81,80,10.67,PH,1621115505
Pio IX,-6.8375,-40.5792,72.95,71,100,6.69,BR,1621115505
Hong Kong,22.2855,114.1577,84.0,83,40,1.99,HK,1621115458
Pangody,65.85,74.4859,29.77,63,95,8.63,RU,1621115506
Cam Ranh,11.9214,109.1591,78.8,83,20,3.44,VN,1621115506
San Patricio,28.017,-97.5169,81.0,78,90,19.57,US,1621115506
Saskylakh,71.9167,114.0833,10.49,93,100,8.23,RU,1621115507
Cherskiy,68.75,161.3,34.18,93,100,5.95,RU,1621115507
Pemangkat,1.1667,108.9667,78.35,86,96,3.8,ID,1621115507
Wad Rāwah,15.1603,33.1397,91.8,8,20,7.29,SD,1621115508
Saint-Leu,-21.15,55.2833,75.2,69,20,11.5,RE,1621115508
Codrington,-38.2667,141.9667,48.81,89,97,9.89,AU,1621115509
Mossamedes,-15.1961,12.1522,74.79,57,0,2.42,AO,1621115509
Ribeira Grande,38.5167,-28.7,64.54,95,84,14.0,PT,1621115509
Half Moon Bay,37.4636,-122.4286,64.99,87,90,8.05,US,1621115510
Mumford,5.2618,-0.759,81.19,84,89,10.49,GH,1621115510
Puerto Ayora,-0.7393,-90.3518,84.2,61,40,13.8,EC,1621115511
Balkhash,46.844,74.9804,60.89,43,2,8.41,KZ,1621115511
Floridablanca,7.0622,-73.0864,77.0,83,40,8.05,CO,1621115511
San Ramon,37.7799,-121.978,70.0,67,40,10.36,US,1621115331
Denpasar,-8.65,115.2167,80.6,83,20,12.66,ID,1621115350
Kloulklubed,7.0419,134.2556,77.0,94,75,4.61,PW,1621115512
Tuktoyaktuk,69.4541,-133.0374,35.6,80,40,12.66,CA,1621115512
Esim,4.8699,-2.2405,80.83,79,62,8.16,GH,1621115513
Bairiki Village,1.3292,172.9752,86.0,70,40,11.5,KI,1621115513
Tezu,27.9167,96.1667,68.32,69,80,3.83,IN,1621115513
Vila Velha,-20.3297,-40.2925,73.99,68,0,4.61,BR,1621115514
Beaver Dam,43.4578,-88.8373,57.0,94,90,10.36,US,1621115514
Chokurdakh,70.6333,147.9167,30.38,89,100,8.95,RU,1621115515
Aljezur,37.3191,-8.8033,60.64,93,36,9.22,PT,1621115515
Severo-Kuril'sk,50.6789,156.125,41.85,68,99,9.1,RU,1621115515
Udachny,66.4167,112.4,25.5,93,100,25.41,RU,1621115516
Shimoda,34.6667,138.95,68.0,81,100,5.28,JP,1621115516
Te Anau,-45.4167,167.7167,43.83,93,95,1.59,NZ,1621115516
Kaeo,-35.1,173.7833,57.99,98,56,4.32,NZ,1621115517
Carnarvon,-24.8667,113.6333,60.8,77,98,8.05,AU,1621115517
Kuching,1.55,110.3333,77.0,94,20,1.81,MY,1621115518
Bariri,-22.0744,-48.7403,75.2,60,0,3.44,BR,1621115518
Kishni,27.0247,79.2634,89.76,28,90,8.41,IN,1621115518
Esperance,-33.8667,121.9,50.0,87,89,10.36,AU,1621115519
Tete,-16.1564,33.5867,69.8,60,0,5.75,MZ,1621115519
Lüderitz,-26.6481,15.1594,62.01,90,20,3.8,NA,1621115519
Laas,46.6166,10.7002,59.0,100,75,2.8,IT,1621115520
Ancud,-41.8697,-73.8203,53.6,87,75,3.44,CL,1621115520
Ellensburg,46.9965,-120.5479,82.99,19,1,10.36,US,1621115520
Moerai,-22.4333,-151.3333,77.58,78,100,11.45,PF,1621115521
Lodwar,3.1191,35.5973,85.73,42,5,10.22,KE,1621115521
Khatanga,71.9667,102.5,10.98,96,78,6.64,RU,1621115522
Amurzet,47.6967,131.0981,56.7,52,58,11.1,RU,1621115522
Ţaga,46.95,24.05,52.0,93,0,3.44,RO,1621115522
Juneau,58.3019,-134.4197,50.0,81,90,14.97,US,1621115523
Nelson Bay,-32.7167,152.15,51.01,66,75,14.97,AU,1621115523
Santa Cruz de la Sierra,-17.8,-63.1667,75.2,57,20,5.57,BO,1621115524
Los Llanos de Aridane,28.6585,-17.9182,68.0,77,0,17.27,ES,1621115524
Souillac,-20.5167,57.5167,71.6,83,75,14.97,MU,1621115525
Tekirdağ,40.978,27.5085,59.0,94,75,4.61,TR,1621115334
Vanimo,-2.6741,141.3028,79.21,87,100,4.29,PG,1621115525
Barranca,-10.75,-77.7667,66.69,76,1,8.23,PE,1621115526
Ilulissat,69.2167,-51.1,35.6,75,20,8.05,GL,1621115526
Aswān,24.0934,32.907,83.8,7,0,11.74,EG,1621115526
Kungurtug,50.5994,97.5228,36.0,84,13,2.19,RU,1621115527
Władysławowo,54.7909,18.4009,53.01,100,0,3.44,PL,1621115527
Mehamn,71.0357,27.8492,37.4,75,75,16.11,NO,1621115527
Arraial do Cabo,-22.9661,-42.0278,71.6,73,0,3.44,BR,1621115528
Kruisfontein,-34.0033,24.7314,59.0,93,100,1.99,ZA,1621115237
Lavrentiya,65.5833,-171.0,32.97,88,21,5.64,RU,1621115528
Tadine,-21.55,167.8833,78.66,80,98,11.95,NC,1621115529
Villazón,-22.0866,-65.5942,55.29,17,0,5.03,BO,1621115529
Dikson,73.5069,80.5464,22.87,73,100,12.57,RU,1621115529
Petropavlovsk-Kamchatskiy,53.0452,158.6483,50.0,40,65,2.24,RU,1621115246
Mocuba,-16.8392,36.9856,67.14,89,11,3.94,MZ,1621115530
Wajima,37.4,136.9,60.93,93,100,8.84,JP,1621115530
Saint-Pierre,-21.3393,55.4781,75.2,69,20,11.5,RE,1621115531
George Town,5.4112,100.3354,82.0,94,20,3.44,MY,1621115478
Panama City,8.9936,-79.5197,87.8,58,40,12.66,PA,1621115354
Ponta Delgada,37.7333,-25.6667,64.4,94,40,9.22,PT,1621115390
Nome,64.5011,-165.4064,55.4,33,1,10.36,US,1621115324
Ngunguru,-35.6167,174.5,57.99,98,29,5.79,NZ,1621115532
Port Macquarie,-31.4333,152.9167,52.0,74,64,1.99,AU,1621115235
Mongu,-15.2484,23.1274,63.3,47,35,2.95,ZM,1621115532
Haines Junction,60.7522,-137.5108,48.2,61,100,5.75,CA,1621115533
Jumla,29.2747,82.1838,49.55,74,6,3.49,NP,1621115533
Tsimmerbude,54.675,20.1347,46.0,100,90,4.47,RU,1621115533
Nador,35.174,-2.9287,68.0,60,0,2.3,MA,1621115534
Bilma,18.6853,12.9164,92.7,7,0,6.4,NE,1621115534
Jamestown,42.097,-79.2353,64.4,27,75,8.05,US,1621115534
Road Town,18.4167,-64.6167,84.2,79,20,6.91,VG,1621115535
Poum,-20.2333,164.0167,78.04,77,82,11.43,NC,1621115535
Ponta do Sol,32.6667,-17.1,66.2,68,20,27.63,PT,1621115535
Dobryatino,55.5055,41.3195,55.87,95,9,6.51,RU,1621115536
Namatanai,-3.6667,152.4333,83.88,73,17,10.22,PG,1621115536
San Quintín,30.4833,-115.95,64.33,63,1,16.6,MX,1621115537
Kiama,-34.6833,150.8667,50.0,65,14,3.0,AU,1621115537
Pangnirtung,66.1451,-65.7125,21.99,89,95,2.57,CA,1621115537
Sabang,5.8933,95.3214,83.23,74,100,0.92,ID,1621115538
Ramsgate,51.3358,1.4155,52.0,83,91,3.0,GB,1621115538
Asău,46.4333,26.4,53.01,63,58,2.17,RO,1621115538
Saint-Joseph,-21.3667,55.6167,75.2,69,20,11.5,RE,1621115539
Mount Isa,-20.7333,139.5,59.0,33,0,13.8,AU,1621115539
Geraldton,-28.7667,114.6,64.4,48,5,16.11,AU,1621115540
Båtsfjord,70.6345,29.7185,33.69,88,100,15.95,NO,1621115540
Chegdomyn,51.1167,133.0167,43.32,91,100,8.59,RU,1621115540
Brae,60.3964,-1.353,46.4,100,90,3.44,GB,1621115541
Itarema,-2.9248,-39.9167,77.29,84,100,8.81,BR,1621115541
Hithadhoo,-0.6,73.0833,84.07,73,100,19.01,MV,1621115541
Lima,-12.0432,-77.0282,66.2,77,90,5.75,PE,1621115436
Balabac,7.9868,117.0645,82.18,79,92,7.9,PH,1621115542
Baykit,61.67,96.37,26.29,80,45,8.23,RU,1621115542
Sur,22.5667,59.5289,87.82,53,9,9.55,OM,1621115543
Gimli,50.6336,-96.9907,57.2,62,99,9.22,CA,1621115531
Resistencia,-27.4606,-58.9839,73.4,64,20,6.91,AR,1621115408
Katsuura,35.1333,140.3,68.0,78,85,13.2,JP,1621115243
Bathsheba,13.2167,-59.5167,82.4,61,40,21.85,BB,1621115544
Nortelândia,-14.4547,-56.8028,78.26,57,79,3.04,BR,1621115544
Pisco,-13.7,-76.2167,66.0,88,75,9.22,PE,1621115544
Tabou,4.423,-7.3528,79.95,80,100,5.95,CI,1621115545
Tuatapere,-46.1333,167.6833,41.0,94,40,3.0,NZ,1621115545
Iqaluit,63.7506,-68.5145,24.8,68,20,14.97,CA,1621115545
Xique-Xique,-10.8218,-42.7263,79.32,54,99,8.99,BR,1621115546
Malartic,48.1335,-78.1328,57.2,72,75,8.05,CA,1621115546
Kaitangata,-46.2817,169.8464,48.0,75,83,5.64,NZ,1621115547
Lethem,3.3803,-59.7968,80.76,75,63,10.18,GY,1621115547
Beloha,-25.1667,45.05,70.72,59,29,4.45,MG,1621115547
Cidreira,-30.1811,-50.2056,61.88,77,1,6.24,BR,1621115548
Ylivieska,64.0833,24.55,55.0,83,96,4.0,FI,1621115548
Ojinaga,29.5667,-104.4167,93.2,22,40,11.5,MX,1621115548
Cayenne,4.9333,-52.3333,79.0,94,90,3.44,GF,1621115549
Diré,12.2833,-10.9667,93.51,29,99,2.04,ML,1621115549
Barcelona,41.3888,2.159,66.99,88,20,3.44,ES,1621115374
Qaqortoq,60.7167,-46.0333,51.8,22,11,9.22,GL,1621115550
Dinguiraye,11.3,-10.7167,77.54,64,97,6.44,GN,1621115550
Makakilo City,21.3469,-158.0858,82.4,51,1,10.36,US,1621115420
Tamworth,52.634,-1.6959,48.99,90,88,1.01,GB,1621115551
Gizo Government Station,-8.103,156.8419,84.31,72,20,5.37,SB,1621115551
San Cristobal,7.7669,-72.225,89.6,58,20,11.5,VE,1621115551
Homer,59.6425,-151.5483,46.4,87,90,10.36,US,1621115552
Fairbanks,64.8378,-147.7164,63.0,31,1,9.22,US,1621115552
Mezen',65.8522,44.24,40.48,93,43,5.93,RU,1621115552
Mangan,27.5167,88.5333,66.72,75,75,4.81,IN,1621115553
Saint-Augustin,51.226,-58.6502,44.4,68,99,12.62,CA,1621115553
Huarmey,-10.0681,-78.1522,68.83,75,3,8.99,PE,1621115554
Pindushi,62.9152,34.58,51.22,78,96,10.36,RU,1621115554
Hamilton,39.1834,-84.5333,73.4,23,1,6.91,US,1621115554
Vadsø,70.0744,29.7487,33.8,86,90,6.91,NO,1621115555
Tambopata,-12.7333,-69.1833,78.22,72,60,1.77,PE,1621115555
Hofn,64.2539,-15.2082,38.16,58,100,18.57,IS,1621115556
Puerto Escondido,15.85,-97.0667,89.6,70,40,11.5,MX,1621115556
Palana,59.1167,159.9667,34.18,86,97,7.38,RU,1621115556
Antofagasta,-23.65,-70.4,60.8,82,75,12.66,CL,1621115557
Weligama,5.9667,80.4167,80.08,86,100,9.95,LK,1621115557
Goundi,9.3627,17.366,84.02,54,96,9.15,TD,1621115557
Inongo,-1.95,18.2667,75.31,76,41,3.31,CD,1621115558
Aklavik,68.2191,-135.0107,46.4,57,40,12.66,CA,1621115519
High Level,58.5169,-117.136,59.0,41,75,9.22,CA,1621115558
Stornoway,58.2093,-6.3865,46.4,81,75,4.61,GB,1621115559
Griffith,41.5284,-87.4237,59.0,63,90,5.75,US,1621115559
Santa Fe,-31.6333,-60.7,64.0,55,38,3.96,AR,1621115559
Faya,18.3851,42.4509,69.8,56,0,5.01,SA,1621115560
Urengoy,65.9667,78.3667,25.29,66,42,5.55,RU,1621115560
Liverpool,53.4106,-2.9779,53.6,87,75,1.14,GB,1621115459
Srednekolymsk,67.45,153.6833,33.94,85,6,9.08,RU,1621115561
Matara,5.9485,80.5353,79.32,87,100,9.19,LK,1621115561
Chui,-33.6971,-53.4616,54.34,72,100,3.58,UY,1621115562
Bago,17.3367,96.4797,80.6,83,20,3.44,MM,1621115333
Medvedok,57.3891,50.0351,62.33,73,9,5.73,RU,1621115562
Mastic Beach,40.7668,-72.8521,71.6,28,1,10.36,US,1621115562
Wamba,8.9333,8.6,76.1,83,100,1.21,NG,1621115563
Bilibino,68.0546,166.4372,32.11,85,100,1.95,RU,1621115563
Smithers,54.7804,-127.1743,57.2,54,90,2.3,CA,1621115403
Nova Olímpia,-14.7972,-57.2881,77.61,59,68,1.95,BR,1621115564
Arak,34.0917,49.6892,57.38,67,99,4.05,IR,1621115564
San Joaquin,37.9333,-121.3011,73.99,46,1,4.61,US,1621115565
Sørland,67.667,12.6934,43.7,88,100,16.82,NO,1621115565
Contai,21.7786,87.7536,83.52,85,43,13.42,IN,1621115565
Nhulunbuy,-12.2333,136.7667,77.0,57,53,9.22,AU,1621115566
Bandarbeyla,9.4942,50.8122,86.02,67,9,20.0,SO,1621115566
Moose Factory,51.2585,-80.6094,33.8,93,90,5.75,CA,1621115566
Mount Gambier,-37.8333,140.7667,46.4,100,75,8.05,AU,1621115567
Talnakh,69.4865,88.3972,12.63,96,97,3.04,RU,1621115567
Oranjemund,-28.55,16.4333,60.44,97,31,8.95,NA,1621115568
Tutóia,-2.7619,-42.2744,76.93,83,100,0.85,BR,1621115568
Ust'-Koksa,50.2696,85.6108,44.82,78,2,1.81,RU,1621115568
Viedma,-40.8135,-62.9967,54.27,76,74,7.36,AR,1621115569
Tieling,42.2931,123.8414,52.52,52,94,5.17,CN,1621115569
Agirish,61.9247,63.0231,53.53,94,90,6.91,RU,1621115569
Pangoa,-12.1167,-73.0,73.44,83,90,1.19,PE,1621115570
Vzmorye,54.6961,20.2361,46.0,100,90,4.47,RU,1621115570
Pagudpud,18.5616,120.7868,80.6,89,20,2.3,PH,1621115570
Lorengau,-2.0226,147.2712,84.38,76,100,9.57,PG,1621115571
Calbuco,-41.768,-73.1273,53.6,82,75,5.75,CL,1621115571
Jurbarkas,55.0778,22.7664,46.45,95,42,4.18,LT,1621115572
Gravdal,68.1214,13.5031,44.53,83,100,11.21,NO,1621115572
Broome,42.2506,-75.833,68.0,30,75,8.05,US,1621115533
Bubaque,11.2833,-15.8333,77.67,83,25,15.79,GW,1621115573
San Juan,-31.5375,-68.5364,37.0,33,66,34.0,AR,1621115440
Hirara,24.8,125.2833,78.8,94,40,10.36,JP,1621115573
Marzuq,14.4,46.4667,81.73,35,6,4.94,YE,1621115574
Calceta,-0.85,-80.1667,77.0,83,75,11.5,EC,1621115530
Varhaug,58.6147,5.6457,46.0,98,100,5.23,NO,1621115574
Arrondissement de Saint-Denis,48.9167,2.3333,55.4,76,90,9.22,FR,1621115575
Senanga,-16.1167,23.2667,61.92,43,30,2.62,ZM,1621115575
Savannah Bight,16.45,-85.85,87.8,66,40,10.36,HN,1621115576
Clyde River,70.4692,-68.5914,21.2,58,1,3.44,CA,1621115499
Santa Catarina de Tepehuanes,25.35,-105.7333,82.35,19,61,24.83,MX,1621115576
Cairns,-16.9167,145.7667,71.6,73,1,9.22,AU,1621115418
Ambilobe,-13.2,49.05,70.88,79,1,4.56,MG,1621115577
Mbour,14.422,-16.9638,73.4,73,88,13.8,SN,1621115577
Quatre Cocos,-20.2078,57.7625,75.99,83,75,14.97,MU,1621115577
Anori,-3.7728,-61.6442,76.1,94,87,1.95,BR,1621115578
Meiningen,50.5679,10.4152,48.0,91,88,7.34,DE,1621115578
Saint George,37.1041,-113.5841,91.99,7,1,23.02,US,1621115578
Faanui,-16.4833,-151.75,80.83,74,100,17.27,PF,1621115579
Longyearbyen,78.2186,15.6401,21.2,63,40,9.22,SJ,1621115579
Catuday,16.2923,119.8062,81.59,73,62,8.12,PH,1621115579
Arrondissement du Havre,49.5833,0.3333,51.8,87,75,11.5,FR,1621115580
Tombouctou,20.0,-3.0,93.85,10,3,11.7,ML,1621115580
Plácido de Castro,-10.3353,-67.1856,80.64,65,88,2.06,BR,1621115581
Tongren,27.7172,109.1853,72.14,98,98,1.5,CN,1621115581
Mahon,39.8885,4.2658,62.6,88,0,9.22,ES,1621115582
Lagoa,39.05,-27.9833,62.92,94,85,15.05,PT,1621115582
Paso de Carrasco,-34.8603,-56.0522,59.0,77,0,4.61,UY,1621115582
Olonets,60.9847,32.9698,54.18,94,100,5.17,RU,1621115583
Maragogi,-9.0122,-35.2225,76.64,76,59,8.59,BR,1621115583
Porto-Novo,6.4965,2.6036,78.8,83,40,6.91,BJ,1621115583
Williston,48.147,-103.618,77.0,25,43,3.0,US,1621115208
Dunedin,-45.8742,170.5036,51.01,75,90,8.99,NZ,1621115524
Mercedes,-34.6515,-59.4307,57.99,72,94,4.65,AR,1621115584
Ambanja,-13.6833,48.45,72.57,81,33,4.52,MG,1621115584
Bamiantong,44.9333,130.5333,50.61,66,26,5.23,CN,1621115585
Omboué,-1.5746,9.2618,78.24,89,58,6.22,GA,1621115585
Bloomington,44.8408,-93.2983,73.99,37,75,8.05,US,1621115458
Katherine,-14.4667,132.2667,55.4,58,26,8.05,AU,1621115586
Mareeba,-17.0,145.4333,71.6,73,0,9.22,AU,1621115586
Lompoc,34.6391,-120.4579,60.8,59,21,11.5,US,1621115541
Kuusamo,65.9667,29.1833,37.4,100,90,8.05,FI,1621115587
Coari,-4.085,-63.1414,77.14,93,60,1.95,BR,1621115587
Esmeraldas,-19.7625,-44.3139,71.6,60,0,6.91,BR,1621115368
Kyabé,9.4515,18.9449,80.83,62,75,8.84,TD,1621115588
Nefteyugansk,61.0998,72.6035,44.6,81,0,6.71,RU,1621115588
Mweka,-4.85,21.5667,73.36,71,55,1.1,CD,1621115588
Abnūb,27.2696,31.1511,78.8,34,0,11.5,EG,1621115589
Chimbote,-9.0853,-78.5783,66.92,80,5,8.68,PE,1621115589
Hasaki,35.7333,140.8333,66.2,82,75,11.5,JP,1621115589
Arrondissement de Saint-Claude,46.5,5.8333,48.99,96,100,1.99,FR,1621115590
Damphu,27.0721,90.1096,60.57,82,76,4.74,BT,1621115590
Comarapa,-17.9,-64.4833,55.35,88,78,4.14,BO,1621115591
Olafsvik,64.8945,-23.7142,39.25,65,12,20.42,IS,1621115591
Abhā,18.2164,42.5053,69.8,56,0,5.55,SA,1621115591
Araouane,18.9048,-3.5265,94.15,9,24,10.87,ML,1621115592
Ahipara,-35.1667,173.1667,62.92,75,23,7.02,NZ,1621115592
Coswig,51.1333,13.5833,50.0,87,40,8.05,DE,1621115592
Terrace Bay,48.7834,-87.1,55.4,44,20,4.61,CA,1621115593
Ingham,42.6,-84.3833,68.0,26,75,8.05,US,1621115593
Laramie,41.3114,-105.5911,54.0,76,90,20.71,US,1621115594
Kokoda,-8.8785,147.7407,79.03,88,100,1.14,PG,1621115594
Mikhaylovka,50.06,43.2379,63.9,53,43,7.9,RU,1621115594
Maceió,-9.6658,-35.7353,78.8,78,20,4.61,BR,1621115565
Clarence Town,-32.5833,151.7833,51.01,66,75,14.97,AU,1621115595
Linxia Chengguanzhen,35.6003,103.2064,40.96,70,66,3.04,CN,1621115595
Shwebo,22.5667,95.7,82.67,47,41,3.94,MM,1621115428
Colquechaca,-18.6667,-66.0167,38.53,35,67,4.76,BO,1621115596
Wawa,9.9022,4.4192,77.31,80,100,7.67,NG,1621115596
Okha,53.5739,142.9478,40.51,94,100,15.99,RU,1621115597
Sistranda,63.7256,8.834,50.0,71,40,23.02,NO,1621115597
Ola,59.5833,151.2833,35.89,96,100,3.18,RU,1621115597
Galle,6.0367,80.217,81.82,82,100,11.9,LK,1621115561
Saint-François,46.4154,3.9054,51.8,87,0,5.75,FR,1621115598
Along,28.1667,94.7667,65.89,82,95,1.68,IN,1621115598
Skjervøy,70.0311,20.9714,39.51,76,88,15.93,NO,1621115599
Ballina,-28.8667,153.5667,53.01,62,6,8.05,AU,1621115599
Miranda,3.2499,-76.2281,77.0,78,75,13.8,CO,1621115599
Kagal'nitskaya,46.8806,40.1466,65.17,72,8,7.29,RU,1621115600
Rawson,-43.3002,-65.1023,57.18,43,3,8.86,AR,1621115600
Marshall,34.3834,-86.3333,77.0,35,40,3.33,US,1621115600
Kwang Binh,17.4833,106.6,80.76,78,77,4.5,VN,1621115601
Anshun,26.25,105.9333,60.53,84,1,11.39,CN,1621115601
Kiryat Gat,31.61,34.7642,69.01,83,0,4.65,IL,1621115342
Gazli,40.1333,63.45,69.84,25,0,19.84,UZ,1621115602
Egvekinot,66.3167,-179.1667,30.63,91,17,5.41,RU,1621115602
São Sepé,-30.1606,-53.5653,62.6,77,0,4.61,BR,1621115602
Pevek,69.7008,170.3133,28.6,90,89,2.68,RU,1621115603
Kavaratti,10.5669,72.642,82.83,81,100,28.74,IN,1621115567
Hoquiam,46.9809,-123.8893,61.0,88,1,16.11,US,1621115603
Roald,62.5833,6.1333,51.8,87,90,3.44,NO,1621115604
Arvika,59.6553,12.5852,48.2,100,90,9.22,SE,1621115604
Águilas,37.4063,-1.5829,73.99,30,82,5.99,ES,1621115605
Uruçuí,-7.2294,-44.5561,80.26,58,65,3.31,BR,1621115605
Erenhot,43.6475,111.9767,49.87,20,52,7.29,CN,1621115605
Kailua,21.4022,-157.7394,78.8,65,75,13.8,US,1621115606
Salta,-24.7859,-65.4117,62.6,63,20,9.22,AR,1621115599
Dolores,-36.3132,-57.6792,53.96,66,99,5.23,AR,1621115606
Sydney Mines,46.2367,-60.2177,51.8,50,40,10.36,CA,1621115607
Caravelas,-17.7125,-39.2481,72.0,69,58,5.93,BR,1621115567
Baghmara,23.795,86.2085,86.52,49,9,3.74,IN,1621115607
Prainha,-1.8,-53.48,75.88,91,76,4.47,BR,1621115607
Terney,45.0503,136.6092,52.48,83,100,5.21,RU,1621115608
Penzance,50.1186,-5.5371,51.8,93,75,8.05,GB,1621115608
North Battleford,52.7834,-108.2847,75.2,25,40,24.16,CA,1621115608
Kedrovyy,56.1667,91.8167,50.0,100,75,2.24,RU,1621115609
Fortuna,40.5982,-124.1573,59.0,87,90,12.66,US,1621115609
Arrondissement de Tarbes,43.25,0.1667,57.2,100,90,2.3,FR,1621115610
Hearst,49.6835,-83.6665,57.2,62,95,4.61,CA,1621115610
Hobyo,5.3505,48.5268,80.87,83,65,24.76,SO,1621115610
Accra,5.556,-0.1969,82.4,89,0,11.5,GH,1621115611
Barra de Tecoanapa,16.5167,-98.75,88.48,61,41,10.02,MX,1621115611
Avera,33.194,-82.5271,75.2,35,40,4.61,US,1621115611
Terrace,54.5163,-128.6035,51.8,76,90,17.27,CA,1621115612
Entre Rios,-11.9419,-38.0844,69.57,95,82,4.09,BR,1621115612
Kajiado,-1.8524,36.7768,66.2,82,75,4.72,KE,1621115612
Agropoli,40.3469,14.9966,57.99,92,86,1.01,IT,1621115613
Krasne,49.9145,24.6134,48.2,87,0,4.47,UA,1621115613
Flinders,-34.5833,150.8552,50.0,60,7,3.0,AU,1621115613
Acapulco de Juárez,16.8634,-99.8901,89.6,66,75,9.22,MX,1621115508
Xining,36.6167,101.7667,41.74,82,67,2.35,CN,1621115614
Big Rapids,43.6981,-85.4837,64.99,31,75,17.27,US,1621115614
Rafai,4.95,23.9167,69.66,90,97,2.01,CF,1621115615
Graciano Sánchez,23.9167,-99.2833,91.4,35,75,6.91,MX,1621115615
Camacha,33.0833,-16.3333,66.2,72,75,12.66,PT,1621115529
Mackay,-21.15,149.2,61.0,82,0,5.75,AU,1621115616
Colares,38.7992,-9.4469,64.99,85,52,6.93,PT,1621115616
Tanout,14.9709,8.8879,89.91,11,17,10.33,NE,1621115617
‘Āhuimanu,21.4447,-157.8378,78.8,65,75,13.8,US,1621115617
Cavalcante,-13.7975,-47.4583,67.26,60,100,3.11,BR,1621115618
Arenápolis,-14.4503,-56.8461,78.15,57,79,2.77,BR,1621115618
Pampierstad,-27.7832,24.6877,60.15,33,10,9.37,ZA,1621115618
Machalí,-34.1833,-70.6667,60.8,59,75,4.61,CL,1621115619
Kalemie,-5.9475,29.1947,70.95,82,3,1.61,CD,1621115619
Burns Lake,54.2331,-125.7533,57.2,54,100,2.3,CA,1621115620
Rauma,61.1272,21.5113,46.4,100,90,2.3,FI,1621115620
Elizabeth City,36.2946,-76.2511,71.6,30,1,12.66,US,1621115585
Narsaq,60.9167,-46.05,51.8,22,10,9.22,GL,1621115620
Morgan City,29.6994,-91.2068,81.0,57,40,9.22,US,1621115621
Corn Island,12.1694,-83.0418,81.75,71,56,15.21,NI,1621115621
Vikārābād,17.3333,77.9,78.8,83,75,9.22,IN,1621115622
Peace River,56.2501,-117.286,64.4,32,90,23.02,CA,1621115622
Tura,25.5198,90.2201,69.66,92,1,3.87,IN,1621115622
Kul'dur,49.2167,131.6333,50.29,65,2,10.83,RU,1621115623
Taku,39.0211,117.6469,60.8,55,0,13.42,CN,1621115623
Ciudad del Carmen,18.6333,-91.8333,84.2,74,75,11.5,MX,1621115451
Awjilah,29.1081,21.2869,74.75,32,28,15.84,LY,1621115624
Kropotkin,45.4375,40.5756,62.01,83,13,6.78,RU,1621115624
Bukama,-9.2,25.85,68.41,69,1,2.04,CD,1621115624
Pedernales,18.0384,-71.744,83.77,66,14,6.62,DO,1621115625
Fuyang,32.9,115.8167,54.25,92,100,17.96,CN,1621115625
Bereda,43.2686,-7.5406,61.0,100,100,8.01,ES,1621115625
Laela,-8.5667,32.05,57.52,86,8,3.29,TZ,1621115626
Jijiang,29.2906,106.2542,66.2,77,0,11.18,CN,1621115626
Almenara,-16.1836,-40.6944,69.89,77,98,1.79,BR,1621115627
Kahului,20.8947,-156.47,78.8,53,40,19.57,US,1621115627
Kerema,-7.9631,145.7785,79.7,85,99,2.98,PG,1621115627
Belize,17.25,-88.75,95.0,46,75,9.22,BZ,1621115628
Warri,5.5167,5.75,77.72,92,99,3.87,NG,1621115628
La Romana,18.4273,-68.9728,86.0,66,20,11.5,DO,1621115628
Grand Gaube,-20.0064,57.6608,75.99,65,19,8.99,MU,1621115629
Coyhaique,-45.5752,-72.0662,48.2,81,75,3.44,CL,1621115629
Wentzville,38.8114,-90.8529,64.0,72,100,1.99,US,1621115630
Ambon City,-3.6954,128.1814,77.0,94,40,8.05,ID,1621115630
Kushmurun,52.4503,64.6311,66.63,45,4,6.22,KZ,1621115630
Ubari,26.5921,12.7805,85.03,15,90,6.91,LY,1621115631
Teeli,51.0333,90.2333,49.82,51,18,2.13,RU,1621115631
Merritt Island,28.5392,-80.672,82.4,39,40,14.97,US,1621115631
Kidal,18.4411,1.4078,96.17,19,38,12.28,ML,1621115632
Buchanan,5.8808,-10.0467,77.0,94,75,6.2,LR,1621115632
Cabo San Lucas,22.8909,-109.9124,90.0,35,20,11.5,MX,1621115632
Novyy Buh,47.6931,32.5216,59.0,58,0,4.47,UA,1621115633
Ketchikan,55.3422,-131.6461,49.28,93,100,5.5,US,1621115353
Cornélio Procópio,-23.1811,-50.6467,71.6,60,20,3.44,BR,1621115633
Kupino,54.3663,77.2981,61.27,67,95,9.75,RU,1621115634
Sabzawār,36.2126,57.6819,67.3,31,47,7.25,IR,1621115634
Necochea,-38.5473,-58.7368,57.99,82,80,4.43,AR,1621115634
Lagos,6.5833,3.75,77.0,88,40,4.61,NG,1621115632
Ivanovka,42.8878,75.085,55.4,54,40,15.66,KG,1621115635
Sanguéya,10.7,-14.3667,79.07,81,55,6.98,GN,1621115635
Tromsø,69.6496,18.957,41.0,70,75,8.05,NO,1621115636
Kintampo,8.0563,-1.7306,74.7,85,59,4.41,GH,1621115636
Corinth,37.9407,22.9573,63.0,72,0,7.81,GR,1621115636
Boca do Acre,-8.7522,-67.3978,80.87,71,85,1.45,BR,1621115637
Lubao,14.9167,120.55,80.6,78,40,2.3,PH,1621115637
Bakhmach,51.1808,32.7569,52.83,93,43,7.2,UA,1621115637
Moyale,3.5167,39.0584,72.14,53,90,1.9,KE,1621115638
Digri,25.1558,69.1113,87.21,51,99,9.69,PK,1621115639
Muros,42.7762,-9.0603,62.01,94,100,8.01,ES,1621115639
Adolfo López Mateos,28.4667,-107.3,81.0,12,85,7.0,MX,1621115639
Tilichiki,60.4667,166.1,29.73,83,17,3.33,RU,1621115640
Kyotera,-0.6156,31.5175,63.16,93,80,2.21,UG,1621115640
Turukhansk,65.8167,87.9833,15.13,95,26,6.58,RU,1621115641
Vilhena,-12.7406,-60.1458,80.6,65,75,4.61,BR,1621115641
Alto Araguaia,-17.3147,-53.2153,73.78,48,71,3.49,BR,1621115641
Buraidah,26.326,43.975,87.8,16,0,8.05,SA,1621115576
Pierre,44.3683,-100.351,79.0,25,1,10.36,US,1621115642
Araci,-11.3333,-38.9667,72.18,83,98,9.4,BR,1621115642
Dul'durga,50.6761,113.5931,45.36,46,7,14.23,RU,1621115643
Yasnyy,51.0333,59.8742,64.96,44,0,4.12,RU,1621115643
Mountain Home,43.133,-115.6912,73.4,25,40,14.97,US,1621115643
Isoka,-10.1606,32.6335,57.16,92,5,0.92,ZM,1621115644
Puerto del Rosario,28.5004,-13.8627,68.0,77,20,14.97,ES,1621115645
Morón,-34.6534,-58.6198,62.01,63,100,3.24,AR,1621115532
Miraflores,19.2167,-98.8083,71.6,35,90,19.57,MX,1621115645
Hammond,41.5834,-87.5,59.0,63,90,9.22,US,1621115646
Alexandria,31.2156,29.9553,71.6,78,0,8.05,EG,1621115420
Zhigansk,66.7697,123.3711,47.59,49,97,22.77,RU,1621115646
Marrakesh,31.6315,-8.0083,80.6,36,40,6.91,MA,1621115542
Karksi-Nuia,58.1033,25.5628,55.4,82,90,11.5,EE,1621115647
Kandiari,26.9156,68.5216,90.37,31,26,11.88,PK,1621115647
Metlaltoyuca,20.7333,-97.85,89.6,51,40,10.36,MX,1621115648
Birao,10.2849,22.7882,79.95,56,100,6.2,CF,1621115648
Mórrope,-6.5417,-80.0111,73.4,64,0,19.57,PE,1621115648
Rocha,-34.4833,-54.3333,51.51,77,100,3.29,UY,1621115521
Shama,33.6102,104.2852,40.12,90,100,4.56,CN,1621115649
Bentiu,9.2333,29.8333,82.15,56,64,4.65,SS,1621115649
Gannan,47.9147,123.5031,57.2,31,8,9.86,CN,1621115649
Salinópolis,-0.6136,-47.3561,75.47,93,100,14.18,BR,1621115617
Shingū,33.7333,135.9833,65.62,98,100,5.32,JP,1621115650
Tetovo,42.0106,20.9714,53.6,82,75,3.44,MK,1621115650
Estación Queréndaro,19.8667,-100.9167,75.2,46,75,14.97,MX,1621115651
Cambridge,43.3601,-80.3127,66.2,27,90,17.27,CA,1621115501
Sola,-13.8833,167.55,82.4,89,75,4.61,VU,1621115651
Biltine,14.5333,20.9167,86.61,5,0,11.81,TD,1621115652
Port Augusta,-32.5,137.7667,53.6,87,90,9.22,AU,1621115652
Artyom,40.4723,50.333,57.2,88,20,2.3,AZ,1621115652
Lázaro Cárdenas,17.9583,-102.2,87.96,57,1,12.55,MX,1621115653
Milos,36.75,24.4333,66.2,68,1,6.91,GR,1621115653
Jackson,42.4165,-122.8345,84.99,31,1,5.75,US,1621115653
Straumen,63.8709,11.2999,50.0,66,75,9.22,NO,1621115654
Arona,28.0996,-16.681,70.0,73,0,6.91,ES,1621115654
Morant Bay,17.8815,-76.4093,84.99,74,40,11.5,JM,1621115655
Clevelândia,-26.3958,-52.4708,54.57,73,0,2.28,BR,1621115655
Peniche,39.3558,-9.3811,64.0,85,75,5.99,PT,1621115655
Prince Rupert,54.3161,-130.3201,48.2,93,90,10.36,CA,1621115462
Cheltenham,51.9,-2.0833,48.99,83,28,7.43,GB,1621115656
Lamu,-2.2717,40.902,79.52,83,7,17.43,KE,1621115656
Tiznit Province,29.5833,-9.5,75.51,34,0,2.06,MA,1621115545
Juba,4.8517,31.5825,73.8,79,10,4.09,SS,1621115657
Kununurra,-15.7667,128.7333,68.0,40,3,8.05,AU,1621115657
Grindavik,63.8424,-22.4338,42.8,61,0,12.66,IS,1621115657
Oktyabr'skiy,54.4815,53.471,64.67,52,30,5.48,RU,1621115658
Pameungpeuk,-7.0183,107.6039,73.0,90,62,1.99,ID,1621115658
Sioux Lookout,50.1001,-91.917,66.2,37,75,5.75,CA,1621115659
El Alto,-4.2714,-81.2147,75.2,69,0,23.02,PE,1621115659
Rio Grande,-32.035,-52.0986,55.99,73,51,5.88,BR,1621115659
North Bend,43.4065,-124.2243,61.0,76,75,18.41,US,1621115660
Houma,29.5958,-90.7195,80.01,53,40,11.5,US,1621115660
Matagami,49.7502,-77.6328,62.6,42,1,11.5,CA,1621115660
Pokhara,28.2333,83.9833,68.34,50,99,8.05,NP,1621115482
Zavetnoye,47.1194,43.8903,63.36,45,62,11.59,RU,1621115661
Nishihara,26.1842,127.7558,78.8,89,75,13.8,JP,1621115661
Harstad,68.799,16.5293,42.8,81,98,6.91,NO,1621115662
Santa Rosa,14.3122,121.1114,82.99,74,20,1.14,PH,1621115362
Isangel,-19.55,169.2667,80.31,76,61,7.63,VU,1621115662
Bakchar,57.0186,82.0711,49.26,98,86,4.03,RU,1621115663
Kenitra,34.261,-6.5802,60.8,82,17,8.08,MA,1621115632
Puerto Suárez,-18.95,-57.8,87.8,45,0,3.44,BO,1621115663
Mana,5.6592,-53.7767,78.15,85,65,11.65,GF,1621115663
Sambava,-14.2667,50.1667,74.53,84,55,9.86,MG,1621115664
Aldama,22.9167,-98.0667,84.99,73,68,7.0,MX,1621115664
Forsytheganj,52.6333,29.7333,51.21,95,75,6.26,BY,1621115665
Kosum Phisai,16.2486,103.0674,87.01,83,60,2.3,TH,1621115665
Syracuse,37.0881,15.2792,60.8,44,0,11.5,IT,1621115666
Porto Velho,-8.7619,-63.9039,87.8,58,20,3.44,BR,1621115422
Berlevåg,70.8578,29.0864,34.86,83,100,17.38,NO,1621115666
Igarka,67.4667,86.5833,6.91,97,65,6.46,RU,1621115666
Ormond Beach,29.2858,-81.0559,77.0,60,1,16.69,US,1621115655
Gurlan,41.8447,60.3919,66.2,27,0,11.5,UZ,1621115667
Waingapu,-9.6567,120.2641,74.43,81,8,9.31,ID,1621115667
Alvarado,18.7667,-95.7667,88.0,55,75,9.22,MX,1621115668
Mendi,-6.1761,143.6513,60.04,96,98,0.67,PG,1621115668
Alice Springs,-23.7,133.8833,37.4,87,87,4.61,AU,1621115384
Merauke,-8.4667,140.3333,78.51,87,95,11.3,ID,1621115669
Portoferraio,42.8115,10.3146,63.0,79,94,3.0,IT,1621115669
Santa Marta,11.2408,-74.199,83.07,78,58,17.02,CO,1621115669
Nola,40.922,14.5329,60.8,63,0,6.91,IT,1621115670
Nibbar,36.2941,8.7666,68.0,49,20,5.75,TN,1621115670
Lagunas,-5.2269,-75.6753,75.7,96,76,1.43,PE,1621115671
Saint Anthony,45.0205,-93.218,73.99,35,20,8.05,US,1621115671
